URL,문제제목,정답률,분류정보,태그1,태그2,태그3
https://www.hackerrank.com/challenges/py-hello-world,"Say ""Hello, World!"" With Python",0.974628,Introduction,"변수, 상수, 기초 자료형",,
https://www.hackerrank.com/challenges/py-if-else,Python If-Else,0.912253,Introduction,흐름제어,,
https://www.hackerrank.com/challenges/python-arithmetic-operators,Arithmetic Operators,0.986746,Introduction,연산,,
https://www.hackerrank.com/challenges/python-division,Python: Division,0.987764,Introduction,연산,,
https://www.hackerrank.com/challenges/python-loops,Loops,0.98422,Introduction,흐름제어,,
https://www.hackerrank.com/challenges/write-a-function,Write a function,0.902642,Introduction,흐름제어,,
https://www.hackerrank.com/challenges/python-print,Print Function,0.958743,Introduction,흐름제어,,
https://www.hackerrank.com/challenges/list-comprehensions,List Comprehensions,0.984657,Basic Data Types,고급 자료형,,
https://www.hackerrank.com/challenges/find-second-maximum-number-in-a-list,Find the Runner-Up Score!,0.939112,Basic Data Types,자료구조,,
https://www.hackerrank.com/challenges/nested-list,Nested Lists,0.898807,Basic Data Types,list,,
https://www.hackerrank.com/challenges/finding-the-percentage,Finding the percentage,0.971267,Basic Data Types,dictionary,,
https://www.hackerrank.com/challenges/python-lists,Lists,0.895305,Basic Data Types,list,,
https://www.hackerrank.com/challenges/python-tuples,Tuples,0.981736,Basic Data Types,tuple,,
https://www.hackerrank.com/challenges/swap-case,sWAP cASE,0.985278,Strings,문자열 이용,,
https://www.hackerrank.com/challenges/python-string-split-and-join,String Split and Join,0.987638,Strings,문자열 이용,,
https://www.hackerrank.com/challenges/whats-your-name,What's Your Name?,0.979498,Strings,입출력 기초,,
https://www.hackerrank.com/challenges/python-mutations,Mutations,0.98181,Strings,문자열 이용,,
https://www.hackerrank.com/challenges/find-a-string,Find a string,0.936213,Strings,문자열 이용,,
https://www.hackerrank.com/challenges/string-validators,String Validators,0.938186,Strings,함수 사용,,
https://www.hackerrank.com/challenges/text-alignment,Text Alignment,0.981402,Strings,흐름제어,,
https://www.hackerrank.com/challenges/text-wrap,Text Wrap,0.988032,Strings,문자열 이용,,
https://www.hackerrank.com/challenges/designer-door-mat,Designer Door Mat,0.982432,Strings,기타,,
https://www.hackerrank.com/challenges/python-string-formatting,String Formatting,0.915458,Strings,기타,,
https://www.hackerrank.com/challenges/alphabet-rangoli,Alphabet Rangoli,0.973757,Strings,흐름제어,,
https://www.hackerrank.com/challenges/capitalize,Capitalize!,0.821237,Strings,문자열 이용,,
https://www.hackerrank.com/challenges/the-minion-game,The Minion Game,0.854372,Strings,흐름제어,,
https://www.hackerrank.com/challenges/merge-the-tools,Merge the Tools!,0.926066,Strings,문자열 이용,,
https://www.hackerrank.com/challenges/itertools-product,itertools.product(),0.980374,Itertools,모듈과 패키지,,
https://www.hackerrank.com/challenges/collections-counter,collections.Counter(),0.984318,Collections,모듈과 패키지,,
https://www.hackerrank.com/challenges/itertools-permutations,itertools.permutations(),0.980007,Itertools,모듈과 패키지,,
https://www.hackerrank.com/challenges/polar-coordinates,Polar Coordinates,0.944711,Math,모듈과 패키지,,
https://www.hackerrank.com/challenges/py-introduction-to-sets,Introduction to Sets,0.982999,Sets,고급 자료형,,
https://www.hackerrank.com/challenges/defaultdict-tutorial,DefaultDict Tutorial,0.929442,Collections,list,,
https://www.hackerrank.com/challenges/calendar-module,Calendar Module,0.972119,Date and Time,모듈과 패키지,,
https://www.hackerrank.com/challenges/exceptions,Exceptions,0.963788,Errors and Exceptions,예외 처리,,
https://www.hackerrank.com/challenges/py-collections-namedtuple,Collections.namedtuple(),0.978824,Collections,모듈과 패키지,,
https://www.hackerrank.com/challenges/python-time-delta,Time Delta,0.916956,Date and Time,모듈과 패키지,,
https://www.hackerrank.com/challenges/find-angle,Find Angle MBC,0.871596,Math,모듈과 패키지,,
https://www.hackerrank.com/challenges/no-idea,No Idea!,0.861785,Sets,모듈과 패키지,,
https://www.hackerrank.com/challenges/py-collections-ordereddict,Collections.OrderedDict(),0.987974,Collections,모듈과 패키지,,
https://www.hackerrank.com/challenges/symmetric-difference,Symmetric Difference,0.981304,Sets,모듈과 패키지,,
https://www.hackerrank.com/challenges/itertools-combinations,itertools.combinations(),0.976345,Itertools,모듈과 패키지,,
https://www.hackerrank.com/challenges/incorrect-regex,Incorrect Regex,0.979607,Errors and Exceptions,예외 처리,,
https://www.hackerrank.com/challenges/py-set-add,Set .add(),0.992978,Sets,set,,
https://www.hackerrank.com/challenges/itertools-combinations-with-replacement,itertools.combinations_with_replacement(),0.989537,Itertools,모듈과 패키지,,
https://www.hackerrank.com/challenges/word-order,Word Order,0.877751,Collections,딕셔너리 사용,,
https://www.hackerrank.com/challenges/py-set-discard-remove-pop,"Set .discard(), .remove() & .pop()",0.968613,Sets,set,,
https://www.hackerrank.com/challenges/py-collections-deque,Collections.deque(),0.984722,Collections,모듈과 패키지,,
https://www.hackerrank.com/challenges/compress-the-string,Compress the String!,0.977239,Itertools,모듈과 패키지,,
https://www.hackerrank.com/challenges/most-commons,Company Logo,0.880709,Collections,문자열 이용,,
https://www.hackerrank.com/challenges/py-set-union,Set .union() Operation,0.993646,Sets,set,,
https://www.hackerrank.com/challenges/piling-up,Piling Up!,0.897481,Collections,자료구조,,
https://www.hackerrank.com/challenges/triangle-quest-2,Triangle Quest 2,0.951749,Math,for 연산,,
https://www.hackerrank.com/challenges/iterables-and-iterators,Iterables and Iterators,0.966448,Itertools,모듈과 패키지,,
https://www.hackerrank.com/challenges/py-set-intersection-operation,Set .intersection() Operation,0.995489,Sets,set,,
https://www.hackerrank.com/challenges/python-mod-divmod,Mod Divmod,0.988857,Math,연산,,
https://www.hackerrank.com/challenges/python-power-mod-power,Power - Mod Power,0.99256,Math,함수 사용,,
https://www.hackerrank.com/challenges/maximize-it,Maximize It!,0.81415,Itertools,모듈과 패키지,,
https://www.hackerrank.com/challenges/py-set-difference-operation,Set .difference() Operation,0.994637,Sets,set,,
https://www.hackerrank.com/challenges/python-integers-come-in-all-sizes,Integers Come In All Sizes,0.993011,Math,"변수, 상수, 기초 자료형",,
https://www.hackerrank.com/challenges/py-set-symmetric-difference-operation,Set .symmetric_difference() Operation,0.996552,Sets,set,,
https://www.hackerrank.com/challenges/py-set-mutations,Set Mutations,0.984463,Sets,set,,
https://www.hackerrank.com/challenges/python-quest-1,Triangle Quest,0.915984,Math,흐름제어,,
https://www.hackerrank.com/challenges/py-the-captains-room,The Captain's Room,0.904113,Sets,set,,
https://www.hackerrank.com/challenges/py-check-subset,Check Subset,0.986416,Sets,고급 자료형,,
https://www.hackerrank.com/challenges/py-check-strict-superset,Check Strict Superset,0.95533,Sets,고급 자료형,,
https://www.hackerrank.com/challenges/class-1-dealing-with-complex-numbers,Classes: Dealing with Complex Numbers,0.912321,Classes,객체 지향적 사고,,
https://www.hackerrank.com/challenges/class-2-find-the-torsional-angle,Class 2 - Find the Torsional Angle,0.972841,Classes,객체 지향적 사고,,
https://www.hackerrank.com/challenges/zipped,Zipped!,0.97752,Built-Ins,함수 사용,,
https://www.hackerrank.com/challenges/input,Input(),0.957407,Built-Ins,입출력 기초,,
https://www.hackerrank.com/challenges/python-eval,Python Evaluation,0.972603,Built-Ins,함수 사용,,
https://www.hackerrank.com/challenges/python-sort-sort,Athlete Sort,0.961567,Built-Ins,기타,,
https://www.hackerrank.com/challenges/any-or-all,Any or All,0.943856,Built-Ins,연산,,
https://www.hackerrank.com/challenges/ginorts,ginortS,0.964414,Built-Ins,Sorting,,
https://www.hackerrank.com/challenges/introduction-to-regex,Detect Floating Point Number,0.917035,Regex and Parsing,정규표현식,,
https://www.hackerrank.com/challenges/map-and-lambda-expression,Map and Lambda Function,0.940121,Python Functionals,고급 자료형,,
https://www.hackerrank.com/challenges/re-split,Re.split(),0.939759,Regex and Parsing,정규표현식,,
https://www.hackerrank.com/challenges/validate-list-of-email-address-with-filter,Validating Email Addresses With a Filter,0.880835,Python Functionals,정규표현식,,
https://www.hackerrank.com/challenges/re-group-groups,"Group(), Groups() & Groupdict()",0.926869,Regex and Parsing,정규표현식,,
https://www.hackerrank.com/challenges/reduce-function,Reduce Function,0.985904,Python Functionals,고급 자료형,,
https://www.hackerrank.com/challenges/re-findall-re-finditer,Re.findall() & Re.finditer(),0.889458,Regex and Parsing,정규표현식,,
https://www.hackerrank.com/challenges/re-start-re-end,Re.start() & Re.end(),0.952184,Regex and Parsing,정규표현식,,
https://www.hackerrank.com/challenges/re-sub-regex-substitution,Regex Substitution,0.923924,Regex and Parsing,정규표현식,,
https://www.hackerrank.com/challenges/validate-a-roman-number,Validating Roman Numerals,0.903711,Regex and Parsing,정규표현식,,
https://www.hackerrank.com/challenges/validating-the-phone-number,Validating phone numbers,0.960728,Regex and Parsing,정규표현식,,
https://www.hackerrank.com/challenges/validating-named-email-addresses,Validating and Parsing Email Addresses,0.887828,Regex and Parsing,정규표현식,,
https://www.hackerrank.com/challenges/hex-color-code,Hex Color Code,0.96435,Regex and Parsing,정규표현식,,
https://www.hackerrank.com/challenges/html-parser-part-1,HTML Parser - Part 1,0.9479,Regex and Parsing,기타,,
https://www.hackerrank.com/challenges/html-parser-part-2,HTML Parser - Part 2,0.98318,Regex and Parsing,기타,,
https://www.hackerrank.com/challenges/detect-html-tags-attributes-and-attribute-values,"Detect HTML Tags, Attributes and Attribute Values",0.978141,Regex and Parsing,기타,,
https://www.hackerrank.com/challenges/xml-1-find-the-score,XML 1 - Find the Score,0.975546,XML,기타,,
https://www.hackerrank.com/challenges/validating-uid,Validating UID,0.95829,Regex and Parsing,정규표현식,,
https://www.hackerrank.com/challenges/validating-credit-card-number,Validating Credit Card Numbers,0.951983,Regex and Parsing,정규표현식,,
https://www.hackerrank.com/challenges/xml2-find-the-maximum-depth,XML2 - Find the Maximum Depth,0.968081,XML,기타,,
https://www.hackerrank.com/challenges/standardize-mobile-number-using-decorators,Standardize Mobile Number Using Decorators,0.977487,Closures and Decorators,문자열 이용,,
https://www.hackerrank.com/challenges/validating-postalcode,Validating Postal Codes,0.851728,Regex and Parsing,정규표현식,,
https://www.hackerrank.com/challenges/decorators-2-name-directory,Decorators 2 - Name Directory,0.907428,Closures and Decorators,모듈과 패키지,,
https://www.hackerrank.com/challenges/matrix-script,Matrix Script,0.87796,Regex and Parsing,정규표현식,,
https://www.hackerrank.com/challenges/words-score,Words Score,0.954291,Debugging,list,,
https://www.hackerrank.com/challenges/np-arrays,Arrays,0.958109,Numpy,기타,,
https://www.hackerrank.com/challenges/np-shape-reshape,Shape and Reshape,0.962802,Numpy,기타,,
https://www.hackerrank.com/challenges/default-arguments,Default Arguments,0.80641,Debugging,객체 지향적 사고,,
https://www.hackerrank.com/challenges/np-transpose-and-flatten,Transpose and Flatten,0.969415,Numpy,기타,,
https://www.hackerrank.com/challenges/np-concatenate,Concatenate,0.990601,Numpy,기타,,
https://www.hackerrank.com/challenges/np-zeros-and-ones,Zeros and Ones,0.946406,Numpy,기타,,
https://www.hackerrank.com/challenges/np-eye-and-identity,Eye and Identity,0.941737,Numpy,기타,,
https://www.hackerrank.com/challenges/np-array-mathematics,Array Mathematics,0.947421,Numpy,기타,,
https://www.hackerrank.com/challenges/floor-ceil-and-rint,"Floor, Ceil and Rint",0.963759,Numpy,기타,,
https://www.hackerrank.com/challenges/np-sum-and-prod,Sum and Prod,0.983712,Numpy,기타,,
https://www.hackerrank.com/challenges/np-min-and-max,Min and Max,0.986357,Numpy,기타,,
https://www.hackerrank.com/challenges/np-mean-var-and-std,"Mean, Var, and Std",0.948152,Numpy,기타,,
https://www.hackerrank.com/challenges/np-dot-and-cross,Dot and Cross,0.988531,Numpy,기타,,
https://www.hackerrank.com/challenges/np-inner-and-outer,Inner and Outer,0.985111,Numpy,기타,,
https://www.hackerrank.com/challenges/np-polynomials,Polynomials,0.990737,Numpy,기타,,
https://www.hackerrank.com/challenges/np-linear-algebra,Linear Algebra,0.944751,Numpy,기타,,